date,heure,jour_semaine,periode_journee,statut_connexion,duree_minutes,download_Mo,upload_Mo,total_Mo,session_id
2026-04-19,12:13:05,Dimanche,Midi (12h-14h),Connecté,1,0.0756,0.0128,0.0884,S20260419_121204
2026-04-19,12:13:19,Dimanche,Midi (12h-14h),Connecté,1,0.0727,0.0079,0.0806,S20260419_121218
2026-04-19,12:14:05,Dimanche,Midi (12h-14h),Connecté,1,0.0013,0.0018,0.0031,S20260419_121204
2026-04-19,12:14:19,Dimanche,Midi (12h-14h),Connecté,1,0.0013,0.0015,0.0028,S20260419_121218
2026-04-19,12:15:07,Dimanche,Midi (12h-14h),Connecté,1,0.0006,0.001,0.0016,S20260419_121204
2026-04-19,12:15:19,Dimanche,Midi (12h-14h),Connecté,1,0.0013,0.0019,0.0032,S20260419_121218
2026-04-19,12:16:07,Dimanche,Midi (12h-14h),Connecté,1,0.0013,0.0019,0.0032,S20260419_121204
2026-04-19,12:16:20,Dimanche,Midi (12h-14h),Connecté,1,0.0003,0.0008,0.0011,S20260419_121218
2026-04-19,12:17:07,Dimanche,Midi (12h-14h),Connecté,1,0.0003,0.0008,0.0011,S20260419_121204
2026-04-19,12:17:20,Dimanche,Midi (12h-14h),Connecté,1,0.0003,0.0008,0.0011,S20260419_121218
2026-04-19,12:18:08,Dimanche,Midi (12h-14h),Connecté,1,0.082,0.0079,0.0899,S20260419_121204
2026-04-19,12:18:20,Dimanche,Midi (12h-14h),Connecté,1,0.082,0.0079,0.0899,S20260419_121218
2026-04-19,12:19:08,Dimanche,Midi (12h-14h),Connecté,1,0.0007,0.0014,0.0021,S20260419_121204
2026-04-19,12:19:20,Dimanche,Midi (12h-14h),Connecté,1,0.001,0.0016,0.0026,S20260419_121218
2026-04-19,12:20:11,Dimanche,Midi (12h-14h),Déconnecté,1,0.0007,0.0011,0.0018,S20260419_121204
2026-04-19,12:20:23,Dimanche,Midi (12h-14h),Déconnecté,1,0.0006,0.0014,0.002,S20260419_121218
2026-04-19,12:21:11,Dimanche,Midi (12h-14h),Connecté,1,0.0016,0.0027,0.0043,S20260419_121204
2026-04-19,12:21:24,Dimanche,Midi (12h-14h),Connecté,1,0.0014,0.0022,0.0036,S20260419_121218
2026-04-19,12:22:11,Dimanche,Midi (12h-14h),Connecté,1,0.0003,0.0008,0.0011,S20260419_121204
2026-04-19,12:22:24,Dimanche,Midi (12h-14h),Connecté,1,0.0003,0.0008,0.0011,S20260419_121218
2026-04-19,12:23:12,Dimanche,Midi (12h-14h),Connecté,1,0.0732,0.0122,0.0854,S20260419_121204
2026-04-19,12:23:24,Dimanche,Midi (12h-14h),Connecté,1,0.0732,0.0122,0.0854,S20260419_121218
2026-04-19,12:24:15,Dimanche,Midi (12h-14h),Déconnecté,1,0.0007,0.0011,0.0018,S20260419_121204
2026-04-19,12:24:27,Dimanche,Midi (12h-14h),Déconnecté,1,0.0013,0.0021,0.0034,S20260419_121218
2026-04-19,12:25:18,Dimanche,Midi (12h-14h),Déconnecté,1,0.0012,0.0022,0.0034,S20260419_121204
2026-04-19,12:25:30,Dimanche,Midi (12h-14h),Déconnecté,1,0.001,0.0023,0.0033,S20260419_121218
2026-04-19,12:26:19,Dimanche,Midi (12h-14h),Connecté,1,0.0019,0.0028,0.0047,S20260419_121204
2026-04-19,12:26:31,Dimanche,Midi (12h-14h),Connecté,1,0.0015,0.0018,0.0033,S20260419_121218
2026-04-19,12:27:20,Dimanche,Midi (12h-14h),Connecté,1,0.0004,0.0018,0.0022,S20260419_121204
2026-04-19,12:27:31,Dimanche,Midi (12h-14h),Connecté,1,0.0003,0.0017,0.002,S20260419_121218
2026-04-19,12:28:20,Dimanche,Midi (12h-14h),Connecté,1,0.082,0.0079,0.0899,S20260419_121204
2026-04-19,12:28:31,Dimanche,Midi (12h-14h),Connecté,1,0.082,0.0079,0.0899,S20260419_121218
2026-04-19,12:29:20,Dimanche,Midi (12h-14h),Connecté,1,0.001,0.0031,0.0041,S20260419_121204
2026-04-19,12:29:32,Dimanche,Midi (12h-14h),Connecté,1,0.0012,0.0033,0.0045,S20260419_121218
2026-04-19,12:30:21,Dimanche,Midi (12h-14h),Connecté,1,0.0012,0.0017,0.0029,S20260419_121204
2026-04-19,12:30:33,Dimanche,Midi (12h-14h),Connecté,1,0.0009,0.0015,0.0024,S20260419_121218
2026-04-19,12:31:21,Dimanche,Midi (12h-14h),Connecté,1,0.0003,0.0009,0.0012,S20260419_121204
2026-04-19,12:31:33,Dimanche,Midi (12h-14h),Connecté,1,0.0003,0.001,0.0013,S20260419_121218
2026-04-19,12:32:21,Dimanche,Midi (12h-14h),Connecté,1,0.0003,0.0008,0.0011,S20260419_121204
2026-04-19,12:32:33,Dimanche,Midi (12h-14h),Connecté,1,0.0003,0.0009,0.0012,S20260419_121218
2026-04-19,12:33:21,Dimanche,Midi (12h-14h),Connecté,1,0.0724,0.0078,0.0802,S20260419_121204
2026-04-19,12:33:34,Dimanche,Midi (12h-14h),Connecté,1,0.0724,0.0079,0.0803,S20260419_121218
2026-04-19,12:34:22,Dimanche,Midi (12h-14h),Connecté,1,0.001,0.0015,0.0025,S20260419_121204
2026-04-19,12:34:34,Dimanche,Midi (12h-14h),Connecté,1,0.0009,0.0015,0.0024,S20260419_121218
2026-04-19,12:35:22,Dimanche,Midi (12h-14h),Connecté,1,0.001,0.0018,0.0028,S20260419_121204
2026-04-19,12:35:34,Dimanche,Midi (12h-14h),Connecté,1,0.0009,0.0017,0.0026,S20260419_121218
2026-04-19,12:36:22,Dimanche,Midi (12h-14h),Connecté,1,0.0003,0.0008,0.0011,S20260419_121204
2026-04-19,12:36:36,Dimanche,Midi (12h-14h),Connecté,1,0.0003,0.0009,0.0012,S20260419_121218
2026-04-19,12:37:24,Dimanche,Midi (12h-14h),Connecté,1,0.0003,0.0009,0.0012,S20260419_121204
2026-04-19,12:37:37,Dimanche,Midi (12h-14h),Connecté,1,0.0005,0.0013,0.0018,S20260419_121218
2026-04-19,12:38:25,Dimanche,Midi (12h-14h),Connecté,1,0.0727,0.0086,0.0813,S20260419_121204
2026-04-19,12:38:39,Dimanche,Midi (12h-14h),Connecté,1,0.0725,0.0085,0.081,S20260419_121218
2026-04-19,12:39:25,Dimanche,Midi (12h-14h),Connecté,1,0.0013,0.0019,0.0032,S20260419_121204
2026-04-19,12:39:40,Dimanche,Midi (12h-14h),Connecté,1,0.0012,0.0015,0.0027,S20260419_121218
2026-04-19,12:40:26,Dimanche,Midi (12h-14h),Connecté,1,0.0009,0.0014,0.0023,S20260419_121204
2026-04-19,12:40:40,Dimanche,Midi (12h-14h),Connecté,1,0.0009,0.0014,0.0023,S20260419_121218
2026-04-19,12:41:26,Dimanche,Midi (12h-14h),Connecté,1,0.0003,0.0008,0.0011,S20260419_121204
2026-04-19,12:41:40,Dimanche,Midi (12h-14h),Connecté,1,0.0004,0.001,0.0014,S20260419_121218
2026-04-19,12:42:27,Dimanche,Midi (12h-14h),Connecté,1,0.0465,0.0184,0.0649,S20260419_121204
2026-04-19,12:42:41,Dimanche,Midi (12h-14h),Connecté,1,0.0465,0.0184,0.0649,S20260419_121218
2026-04-19,12:43:28,Dimanche,Midi (12h-14h),Connecté,1,0.0818,0.0123,0.0941,S20260419_121204
2026-04-19,12:43:41,Dimanche,Midi (12h-14h),Connecté,1,0.0818,0.0124,0.0942,S20260419_121218
2026-04-19,12:44:29,Dimanche,Midi (12h-14h),Connecté,1,0.0011,0.0016,0.0027,S20260419_121204
2026-04-19,12:44:41,Dimanche,Midi (12h-14h),Connecté,1,0.0009,0.0012,0.0021,S20260419_121218
2026-04-19,12:45:29,Dimanche,Midi (12h-14h),Connecté,1,0.0013,0.0019,0.0032,S20260419_121204
2026-04-19,12:45:41,Dimanche,Midi (12h-14h),Connecté,1,0.0013,0.0019,0.0032,S20260419_121218
2026-04-19,12:46:29,Dimanche,Midi (12h-14h),Connecté,1,0.0003,0.0008,0.0011,S20260419_121204
2026-04-19,12:46:41,Dimanche,Midi (12h-14h),Connecté,1,0.0003,0.0009,0.0012,S20260419_121218
2026-04-19,12:47:29,Dimanche,Midi (12h-14h),Connecté,1,0.0003,0.0008,0.0011,S20260419_121204
2026-04-19,12:47:42,Dimanche,Midi (12h-14h),Connecté,1,0.0003,0.0008,0.0011,S20260419_121218
2026-04-19,12:48:29,Dimanche,Midi (12h-14h),Connecté,1,0.0724,0.0086,0.081,S20260419_121204
2026-04-19,12:48:42,Dimanche,Midi (12h-14h),Connecté,1,0.0724,0.0087,0.0811,S20260419_121218
2026-04-19,12:49:30,Dimanche,Midi (12h-14h),Connecté,1,0.0009,0.0015,0.0024,S20260419_121204
2026-04-19,12:49:42,Dimanche,Midi (12h-14h),Connecté,1,0.0009,0.0014,0.0023,S20260419_121218
2026-04-19,12:50:30,Dimanche,Midi (12h-14h),Connecté,1,0.001,0.0017,0.0027,S20260419_121204
2026-04-19,12:50:43,Dimanche,Midi (12h-14h),Connecté,1,0.001,0.0016,0.0026,S20260419_121218
2026-04-19,12:51:30,Dimanche,Midi (12h-14h),Connecté,1,0.0003,0.0008,0.0011,S20260419_121204
2026-04-19,12:51:43,Dimanche,Midi (12h-14h),Connecté,1,0.0003,0.0009,0.0012,S20260419_121218
2026-04-19,12:52:31,Dimanche,Midi (12h-14h),Connecté,1,0.0003,0.0008,0.0011,S20260419_121204
2026-04-19,12:52:43,Dimanche,Midi (12h-14h),Connecté,1,0.0004,0.001,0.0014,S20260419_121218
2026-04-19,12:53:32,Dimanche,Midi (12h-14h),Connecté,1,0.0724,0.0092,0.0816,S20260419_121204
2026-04-19,12:53:43,Dimanche,Midi (12h-14h),Connecté,1,0.0724,0.0092,0.0816,S20260419_121218
2026-04-19,12:54:33,Dimanche,Midi (12h-14h),Connecté,1,0.0007,0.003,0.0037,S20260419_121204
2026-04-19,12:54:44,Dimanche,Midi (12h-14h),Connecté,1,0.0009,0.003,0.0039,S20260419_121218
2026-04-19,12:55:36,Dimanche,Midi (12h-14h),Déconnecté,1,0.0013,0.0018,0.0031,S20260419_121204
2026-04-19,12:55:44,Dimanche,Midi (12h-14h),Connecté,1,0.0011,0.0017,0.0028,S20260419_121218
2026-04-19,12:56:36,Dimanche,Midi (12h-14h),Connecté,1,0.0004,0.001,0.0014,S20260419_121204
2026-04-19,12:56:44,Dimanche,Midi (12h-14h),Connecté,1,0.0003,0.0009,0.0012,S20260419_121218
2026-04-19,12:57:36,Dimanche,Midi (12h-14h),Connecté,1,0.0003,0.0017,0.002,S20260419_121204
2026-04-19,12:57:45,Dimanche,Midi (12h-14h),Connecté,1,0.0004,0.0018,0.0022,S20260419_121218
2026-04-19,12:58:39,Dimanche,Midi (12h-14h),Déconnecté,1,0.082,0.0087,0.0907,S20260419_121204
2026-04-19,12:58:46,Dimanche,Midi (12h-14h),Connecté,1,0.0822,0.0091,0.0913,S20260419_121218
2026-04-19,12:59:40,Dimanche,Midi (12h-14h),Connecté,1,0.0013,0.0019,0.0032,S20260419_121204
2026-04-19,12:59:46,Dimanche,Midi (12h-14h),Connecté,1,0.0011,0.0015,0.0026,S20260419_121218
2026-04-19,13:00:40,Dimanche,Midi (12h-14h),Connecté,1,0.1123,0.0613,0.1736,S20260419_121204
2026-04-19,13:00:47,Dimanche,Midi (12h-14h),Connecté,1,0.1123,0.0615,0.1738,S20260419_121218
2026-04-19,13:01:41,Dimanche,Midi (12h-14h),Connecté,1,0.0044,0.0129,0.0173,S20260419_121204
2026-04-19,13:01:47,Dimanche,Midi (12h-14h),Connecté,1,0.0052,0.0195,0.0247,S20260419_121218
2026-04-19,13:02:41,Dimanche,Midi (12h-14h),Connecté,1,0.0188,0.0279,0.0467,S20260419_121204
2026-04-19,13:02:48,Dimanche,Midi (12h-14h),Connecté,1,0.018,0.0211,0.0391,S20260419_121218
2026-04-19,13:03:42,Dimanche,Midi (12h-14h),Connecté,1,0.0052,0.0155,0.0207,S20260419_121204
2026-04-19,13:03:48,Dimanche,Midi (12h-14h),Connecté,1,0.0054,0.0157,0.0211,S20260419_121218
2026-04-19,13:04:43,Dimanche,Midi (12h-14h),Connecté,1,0.0008,0.0015,0.0023,S20260419_121204
2026-04-19,13:04:48,Dimanche,Midi (12h-14h),Connecté,1,0.0006,0.0014,0.002,S20260419_121218
2026-04-19,13:05:43,Dimanche,Midi (12h-14h),Connecté,1,0.0016,0.0047,0.0063,S20260419_121204
2026-04-19,13:05:49,Dimanche,Midi (12h-14h),Connecté,1,0.0021,0.0056,0.0077,S20260419_121218
2026-04-19,13:06:43,Dimanche,Midi (12h-14h),Connecté,1,0.0031,0.0074,0.0105,S20260419_121204
2026-04-19,13:06:49,Dimanche,Midi (12h-14h),Connecté,1,0.0027,0.0072,0.0099,S20260419_121218
2026-04-19,13:07:46,Dimanche,Midi (12h-14h),Déconnecté,1,0.0021,0.0055,0.0076,S20260419_121204
2026-04-19,13:07:52,Dimanche,Midi (12h-14h),Déconnecté,1,0.0018,0.0046,0.0064,S20260419_121218
2026-04-19,13:08:47,Dimanche,Midi (12h-14h),Connecté,1,0.0045,0.04,0.0445,S20260419_121204
2026-04-19,13:08:52,Dimanche,Midi (12h-14h),Connecté,1,0.0046,0.0401,0.0447,S20260419_121218
2026-04-19,13:09:47,Dimanche,Midi (12h-14h),Connecté,1,0.0006,0.0092,0.0098,S20260419_121204
2026-04-19,13:09:53,Dimanche,Midi (12h-14h),Connecté,1,0.0007,0.0093,0.01,S20260419_121218
2026-04-19,13:10:47,Dimanche,Midi (12h-14h),Connecté,1,0.0011,0.0036,0.0047,S20260419_121204
2026-04-19,13:10:53,Dimanche,Midi (12h-14h),Connecté,1,0.001,0.0035,0.0045,S20260419_121218
2026-04-19,13:11:48,Dimanche,Midi (12h-14h),Connecté,1,0.0619,0.0329,0.0948,S20260419_121204
2026-04-19,13:11:53,Dimanche,Midi (12h-14h),Connecté,1,0.0656,0.035,0.1006,S20260419_121218
2026-04-19,13:12:48,Dimanche,Midi (12h-14h),Connecté,1,0.007,0.0087,0.0157,S20260419_121204
2026-04-19,13:12:53,Dimanche,Midi (12h-14h),Connecté,1,0.0034,0.0067,0.0101,S20260419_121218
2026-04-19,13:13:48,Dimanche,Midi (12h-14h),Connecté,1,0.0826,0.009,0.0916,S20260419_121204
2026-04-19,13:13:53,Dimanche,Midi (12h-14h),Connecté,1,0.0825,0.0089,0.0914,S20260419_121218
2026-04-19,13:14:48,Dimanche,Midi (12h-14h),Connecté,1,0.0014,0.0017,0.0031,S20260419_121204
2026-04-19,13:14:54,Dimanche,Midi (12h-14h),Connecté,1,0.0014,0.0018,0.0032,S20260419_121218
2026-04-19,13:15:49,Dimanche,Midi (12h-14h),Connecté,1,0.001,0.0018,0.0028,S20260419_121204
2026-04-19,13:15:55,Dimanche,Midi (12h-14h),Connecté,1,0.001,0.0019,0.0029,S20260419_121218
2026-04-19,13:16:50,Dimanche,Midi (12h-14h),Connecté,1,0.0005,0.0011,0.0016,S20260419_121204
2026-04-19,13:16:55,Dimanche,Midi (12h-14h),Connecté,1,0.0005,0.0011,0.0016,S20260419_121218
2026-04-19,13:17:50,Dimanche,Midi (12h-14h),Connecté,1,0.0005,0.0045,0.005,S20260419_121204
2026-04-19,13:17:55,Dimanche,Midi (12h-14h),Connecté,1,0.0004,0.0044,0.0048,S20260419_121218
2026-04-19,13:18:50,Dimanche,Midi (12h-14h),Connecté,1,0.0725,0.0082,0.0807,S20260419_121204
2026-04-19,13:18:55,Dimanche,Midi (12h-14h),Connecté,1,0.0725,0.0084,0.0809,S20260419_121218
2026-04-19,13:19:50,Dimanche,Midi (12h-14h),Connecté,1,0.001,0.0035,0.0045,S20260419_121204
2026-04-19,13:19:56,Dimanche,Midi (12h-14h),Connecté,1,0.001,0.0034,0.0044,S20260419_121218
2026-04-19,13:20:50,Dimanche,Midi (12h-14h),Connecté,1,0.0006,0.0011,0.0017,S20260419_121204
2026-04-19,13:20:57,Dimanche,Midi (12h-14h),Connecté,1,0.0006,0.0011,0.0017,S20260419_121218
2026-04-19,13:21:50,Dimanche,Midi (12h-14h),Connecté,1,0.0004,0.0009,0.0013,S20260419_121204
2026-04-19,13:21:57,Dimanche,Midi (12h-14h),Connecté,1,0.0004,0.0009,0.0013,S20260419_121218
2026-04-19,13:22:51,Dimanche,Midi (12h-14h),Connecté,1,0.0003,0.0008,0.0011,S20260419_121204
2026-04-19,13:22:57,Dimanche,Midi (12h-14h),Connecté,1,0.0003,0.0011,0.0014,S20260419_121218
2026-04-19,13:23:51,Dimanche,Midi (12h-14h),Connecté,1,0.0726,0.0093,0.0819,S20260419_121204
2026-04-19,13:23:57,Dimanche,Midi (12h-14h),Connecté,1,0.0725,0.009,0.0815,S20260419_121218
2026-04-19,13:24:51,Dimanche,Midi (12h-14h),Connecté,1,0.001,0.0017,0.0027,S20260419_121204
2026-04-19,13:24:59,Dimanche,Midi (12h-14h),Connecté,1,0.0011,0.0019,0.003,S20260419_121218
2026-04-19,13:25:52,Dimanche,Midi (12h-14h),Connecté,1,0.0008,0.0013,0.0021,S20260419_121204
2026-04-19,13:25:59,Dimanche,Midi (12h-14h),Connecté,1,0.0008,0.0014,0.0022,S20260419_121218
2026-04-19,13:26:53,Dimanche,Midi (12h-14h),Connecté,1,1.122,0.0552,1.1772,S20260419_121204
2026-04-19,13:27:00,Dimanche,Midi (12h-14h),Connecté,1,1.122,0.055,1.177,S20260419_121218
2026-04-19,13:28:02,Dimanche,Midi (12h-14h),Déconnecté,1,0.0003,0.001,0.0013,S20260419_121204
2026-04-19,13:28:08,Dimanche,Midi (12h-14h),Déconnecté,1,0.0055,0.007,0.0125,S20260419_121218
2026-04-19,14:04:39,Dimanche,Après-midi (14h-18h),Connecté,1,0.1064,0.0462,0.1526,S20260419_121204
2026-04-19,14:04:45,Dimanche,Après-midi (14h-18h),Connecté,1,0.1012,0.0402,0.1414,S20260419_121218
2026-04-19,14:05:39,Dimanche,Après-midi (14h-18h),Connecté,1,0.0951,0.0481,0.1432,S20260419_121204
2026-04-19,14:05:45,Dimanche,Après-midi (14h-18h),Connecté,1,0.0953,0.0484,0.1437,S20260419_121218
2026-04-19,14:06:39,Dimanche,Après-midi (14h-18h),Connecté,1,0.0039,0.004,0.0079,S20260419_121204
2026-04-19,14:06:46,Dimanche,Après-midi (14h-18h),Connecté,1,0.0037,0.0035,0.0072,S20260419_121218
2026-04-19,14:07:39,Dimanche,Après-midi (14h-18h),Connecté,1,0.0008,0.0015,0.0023,S20260419_121204
2026-04-19,14:07:46,Dimanche,Après-midi (14h-18h),Connecté,1,0.0008,0.0015,0.0023,S20260419_121218
2026-04-19,14:08:40,Dimanche,Après-midi (14h-18h),Connecté,1,0.0008,0.0014,0.0022,S20260419_121204
2026-04-19,14:08:46,Dimanche,Après-midi (14h-18h),Connecté,1,0.0008,0.0014,0.0022,S20260419_121218
2026-04-19,14:09:40,Dimanche,Après-midi (14h-18h),Connecté,1,0.073,0.0088,0.0818,S20260419_121204
2026-04-19,14:09:47,Dimanche,Après-midi (14h-18h),Connecté,1,0.073,0.009,0.082,S20260419_121218
2026-04-19,14:10:40,Dimanche,Après-midi (14h-18h),Connecté,1,0.0021,0.0012,0.0033,S20260419_121204
2026-04-19,14:10:47,Dimanche,Après-midi (14h-18h),Connecté,1,0.0023,0.001,0.0033,S20260419_121218
2026-04-19,14:11:40,Dimanche,Après-midi (14h-18h),Connecté,1,0.0029,0.001,0.0039,S20260419_121204
2026-04-19,14:11:47,Dimanche,Après-midi (14h-18h),Connecté,1,0.0029,0.001,0.0039,S20260419_121218
2026-04-19,14:12:41,Dimanche,Après-midi (14h-18h),Connecté,1,0.0057,0.0073,0.013,S20260419_121204
2026-04-19,14:12:47,Dimanche,Après-midi (14h-18h),Connecté,1,0.006,0.0076,0.0136,S20260419_121218
2026-04-19,14:13:41,Dimanche,Après-midi (14h-18h),Connecté,1,0.0029,0.0016,0.0045,S20260419_121204
2026-04-19,14:13:48,Dimanche,Après-midi (14h-18h),Connecté,1,0.0027,0.0014,0.0041,S20260419_121218
2026-04-19,14:14:41,Dimanche,Après-midi (14h-18h),Connecté,1,0.0756,0.0107,0.0863,S20260419_121204
2026-04-19,14:14:48,Dimanche,Après-midi (14h-18h),Connecté,1,0.0758,0.0107,0.0865,S20260419_121218
2026-04-19,14:15:41,Dimanche,Après-midi (14h-18h),Connecté,1,0.0027,0.0028,0.0055,S20260419_121204
2026-04-19,14:15:48,Dimanche,Après-midi (14h-18h),Connecté,1,0.0027,0.0027,0.0054,S20260419_121218
2026-04-19,14:16:41,Dimanche,Après-midi (14h-18h),Connecté,1,0.0029,0.0012,0.0041,S20260419_121204
2026-04-19,14:16:48,Dimanche,Après-midi (14h-18h),Connecté,1,0.0029,0.0013,0.0042,S20260419_121218
2026-04-19,14:17:42,Dimanche,Après-midi (14h-18h),Connecté,1,0.05,0.0207,0.0707,S20260419_121204
2026-04-19,14:17:49,Dimanche,Après-midi (14h-18h),Connecté,1,0.0502,0.0207,0.0709,S20260419_121218
2026-04-19,14:18:42,Dimanche,Après-midi (14h-18h),Connecté,1,0.0029,0.0011,0.004,S20260419_121204
2026-04-19,14:18:50,Dimanche,Après-midi (14h-18h),Connecté,1,0.0027,0.0011,0.0038,S20260419_121218
2026-04-19,14:19:42,Dimanche,Après-midi (14h-18h),Connecté,1,0.0849,0.0094,0.0943,S20260419_121204
2026-04-19,14:19:51,Dimanche,Après-midi (14h-18h),Connecté,1,0.0849,0.0097,0.0946,S20260419_121218
2026-04-19,14:20:42,Dimanche,Après-midi (14h-18h),Connecté,1,0.0027,0.0015,0.0042,S20260419_121204
2026-04-19,14:20:51,Dimanche,Après-midi (14h-18h),Connecté,1,0.0027,0.0014,0.0041,S20260419_121218
2026-04-19,14:21:42,Dimanche,Après-midi (14h-18h),Connecté,1,0.0029,0.0016,0.0045,S20260419_121204
2026-04-19,14:21:51,Dimanche,Après-midi (14h-18h),Connecté,1,0.0029,0.0014,0.0043,S20260419_121218
2026-04-19,14:22:43,Dimanche,Après-midi (14h-18h),Connecté,1,0.0025,0.0008,0.0033,S20260419_121204
2026-04-19,14:22:51,Dimanche,Après-midi (14h-18h),Connecté,1,0.0029,0.001,0.0039,S20260419_121218
2026-04-19,14:23:43,Dimanche,Après-midi (14h-18h),Connecté,1,0.0029,0.0011,0.004,S20260419_121204
2026-04-19,14:23:53,Dimanche,Après-midi (14h-18h),Connecté,1,0.0026,0.0009,0.0035,S20260419_121218
2026-04-19,14:52:32,Dimanche,Après-midi (14h-18h),Connecté,1,0.0965,0.039,0.1355,S20260419_121204
2026-04-19,14:52:42,Dimanche,Après-midi (14h-18h),Connecté,1,0.0963,0.0392,0.1355,S20260419_121218
2026-04-19,14:53:33,Dimanche,Après-midi (14h-18h),Connecté,1,0.0006,0.0015,0.0021,S20260419_121204
2026-04-19,14:53:43,Dimanche,Après-midi (14h-18h),Connecté,1,0.0003,0.0013,0.0016,S20260419_121218
2026-04-19,14:54:33,Dimanche,Après-midi (14h-18h),Connecté,1,0.0007,0.0016,0.0023,S20260419_121204
2026-04-19,14:54:43,Dimanche,Après-midi (14h-18h),Connecté,1,0.0007,0.0017,0.0024,S20260419_121218
2026-04-19,14:55:33,Dimanche,Après-midi (14h-18h),Connecté,1,0.0003,0.001,0.0013,S20260419_121204
2026-04-19,14:55:45,Dimanche,Après-midi (14h-18h),Connecté,1,0.0003,0.001,0.0013,S20260419_121218
2026-04-19,14:56:33,Dimanche,Après-midi (14h-18h),Connecté,1,0.0007,0.002,0.0027,S20260419_121204
2026-04-19,14:56:46,Dimanche,Après-midi (14h-18h),Connecté,1,0.0007,0.002,0.0027,S20260419_121218
2026-04-19,14:57:33,Dimanche,Après-midi (14h-18h),Connecté,1,0.0024,0.004,0.0064,S20260419_121204
2026-04-19,14:57:46,Dimanche,Après-midi (14h-18h),Connecté,1,0.0727,0.0098,0.0825,S20260419_121218
2026-04-19,14:58:34,Dimanche,Après-midi (14h-18h),Connecté,1,0.0709,0.0074,0.0783,S20260419_121204
2026-04-19,14:58:47,Dimanche,Après-midi (14h-18h),Connecté,1,0.0005,0.0015,0.002,S20260419_121218
2026-04-19,14:59:35,Dimanche,Après-midi (14h-18h),Connecté,1,0.0007,0.0013,0.002,S20260419_121204
2026-04-19,14:59:47,Dimanche,Après-midi (14h-18h),Connecté,1,0.0008,0.0015,0.0023,S20260419_121218
2026-04-19,15:00:35,Dimanche,Après-midi (14h-18h),Connecté,1,0.0004,0.0024,0.0028,S20260419_121204
2026-04-19,15:00:48,Dimanche,Après-midi (14h-18h),Connecté,1,0.0996,0.0525,0.1521,S20260419_121218
2026-04-19,15:01:35,Dimanche,Après-midi (14h-18h),Connecté,1,0.1088,0.0596,0.1684,S20260419_121204
2026-04-19,15:01:48,Dimanche,Après-midi (14h-18h),Connecté,1,0.0124,0.0111,0.0235,S20260419_121218
2026-04-19,15:02:35,Dimanche,Après-midi (14h-18h),Connecté,1,0.0042,0.0041,0.0083,S20260419_121204
2026-04-19,15:02:48,Dimanche,Après-midi (14h-18h),Connecté,1,0.0832,0.0109,0.0941,S20260419_121218
2026-04-19,15:03:36,Dimanche,Après-midi (14h-18h),Connecté,1,0.0825,0.0103,0.0928,S20260419_121204
2026-04-19,15:03:48,Dimanche,Après-midi (14h-18h),Connecté,1,0.0009,0.0021,0.003,S20260419_121218
2026-04-19,15:04:39,Dimanche,Après-midi (14h-18h),Déconnecté,1,0.0012,0.0017,0.0029,S20260419_121204
2026-04-19,15:04:49,Dimanche,Après-midi (14h-18h),Connecté,1,0.0011,0.0016,0.0027,S20260419_121218
2026-04-19,15:05:40,Dimanche,Après-midi (14h-18h),Connecté,1,0.001,0.0017,0.0027,S20260419_121204
2026-04-19,15:05:50,Dimanche,Après-midi (14h-18h),Connecté,1,0.001,0.0016,0.0026,S20260419_121218
2026-04-19,15:06:43,Dimanche,Après-midi (14h-18h),Déconnecté,1,0.0006,0.0013,0.0019,S20260419_121204
2026-04-19,15:06:53,Dimanche,Après-midi (14h-18h),Déconnecté,1,0.0002,0.0009,0.0011,S20260419_121218
2026-04-19,15:13:54,Dimanche,Après-midi (14h-18h),Connecté,1,0.0092,0.0248,0.034,S20260419_121204
2026-04-19,15:14:04,Dimanche,Après-midi (14h-18h),Connecté,1,0.0117,0.041,0.0527,S20260419_121218
2026-04-19,15:14:57,Dimanche,Après-midi (14h-18h),Déconnecté,1,0.0068,0.0584,0.0652,S20260419_121204
2026-04-19,15:15:06,Dimanche,Après-midi (14h-18h),Connecté,1,0.0055,0.0439,0.0494,S20260419_121218
2026-04-19,15:15:59,Dimanche,Après-midi (14h-18h),Connecté,1,0.0045,0.0268,0.0313,S20260419_121204
2026-04-19,15:16:07,Dimanche,Après-midi (14h-18h),Connecté,1,0.0044,0.0316,0.036,S20260419_121218
2026-04-19,15:17:00,Dimanche,Après-midi (14h-18h),Connecté,1,0.0061,0.0503,0.0564,S20260419_121204
2026-04-19,15:17:10,Dimanche,Après-midi (14h-18h),Déconnecté,1,0.0051,0.0455,0.0506,S20260419_121218
2026-04-19,15:18:01,Dimanche,Après-midi (14h-18h),Connecté,1,0.0006,0.0147,0.0153,S20260419_121204
2026-04-19,15:18:10,Dimanche,Après-midi (14h-18h),Connecté,1,0.0007,0.0152,0.0159,S20260419_121218
2026-04-19,15:19:01,Dimanche,Après-midi (14h-18h),Déconnecté,1,0.0129,0.0198,0.0327,S20260419_121204
2026-04-19,15:19:10,Dimanche,Après-midi (14h-18h),Déconnecté,1,0.0125,0.0173,0.0298,S20260419_121218
2026-04-19,15:20:01,Dimanche,Après-midi (14h-18h),Déconnecté,1,0.0072,0.0072,0.0144,S20260419_121204
2026-04-19,15:20:10,Dimanche,Après-midi (14h-18h),Déconnecté,1,0.0072,0.0072,0.0144,S20260419_121218

2026-04-20,06:13:22,Lundi,Matin tôt (05h-09h),Connecté,1,0.0003,0.0004,0.0007,S20260420_061215
2026-04-20,06:14:23,Lundi,Matin tôt (05h-09h),Connecté,1,0.0009,0.0016,0.0025,S20260420_061215
2026-04-20,06:15:23,Lundi,Matin tôt (05h-09h),Connecté,1,0.0457,0.0396,0.0853,S20260420_061215
2026-04-20,06:16:25,Lundi,Matin tôt (05h-09h),Connecté,1,0.0187,0.0218,0.0405,S20260420_061215
2026-04-20,06:17:28,Lundi,Matin tôt (05h-09h),Déconnecté,1,0.001,0.0021,0.0031,S20260420_061215
2026-04-20,06:18:28,Lundi,Matin tôt (05h-09h),Connecté,1,0.0006,0.0018,0.0024,S20260420_061215
2026-04-20,06:19:31,Lundi,Matin tôt (05h-09h),Déconnecté,1,0.0009,0.0012,0.0021,S20260420_061215
2026-04-20,06:20:33,Lundi,Matin tôt (05h-09h),Connecté,1,0.0005,0.0009,0.0014,S20260420_061215
2026-04-20,06:21:36,Lundi,Matin tôt (05h-09h),Déconnecté,1,0.0004,0.0008,0.0012,S20260420_061215
2026-04-20,06:22:37,Lundi,Matin tôt (05h-09h),Connecté,1,0.0007,0.0011,0.0018,S20260420_061215
2026-04-20,06:23:38,Lundi,Matin tôt (05h-09h),Connecté,1,0.0007,0.001,0.0017,S20260420_061215
2026-04-20,06:24:39,Lundi,Matin tôt (05h-09h),Connecté,1,0.0017,0.0029,0.0046,S20260420_061215
2026-04-20,06:25:42,Lundi,Matin tôt (05h-09h),Déconnecté,1,0.0005,0.0009,0.0014,S20260420_061215
2026-04-20,06:26:43,Lundi,Matin tôt (05h-09h),Connecté,1,0.0005,0.0012,0.0017,S20260420_061215
2026-04-20,06:27:44,Lundi,Matin tôt (05h-09h),Connecté,1,0.0006,0.001,0.0016,S20260420_061215
2026-04-20,06:28:48,Lundi,Matin tôt (05h-09h),Déconnecté,1,0.0007,0.001,0.0017,S20260420_061215
2026-04-20,06:29:51,Lundi,Matin tôt (05h-09h),Déconnecté,1,0.0504,0.1327,0.1831,S20260420_061215
2026-04-20,06:30:54,Lundi,Matin tôt (05h-09h),Déconnecté,1,0.4987,0.3288,0.8275,S20260420_061215
2026-04-20,06:31:55,Lundi,Matin tôt (05h-09h),Connecté,1,0.2274,0.0912,0.3186,S20260420_061215
2026-04-20,06:32:57,Lundi,Matin tôt (05h-09h),Connecté,1,0.0128,0.0466,0.0594,S20260420_061215
2026-04-20,06:34:00,Lundi,Matin tôt (05h-09h),Déconnecté,1,0.4747,0.0578,0.5325,S20260420_061215
2026-04-20,06:35:00,Lundi,Matin tôt (05h-09h),Connecté,1,0.3082,0.038,0.3462,S20260420_061215
2026-04-20,06:36:00,Lundi,Matin tôt (05h-09h),Connecté,1,0.2301,0.0371,0.2672,S20260420_061215
2026-04-20,06:37:03,Lundi,Matin tôt (05h-09h),Déconnecté,1,0.587,0.0521,0.6391,S20260420_061215
2026-04-20,06:38:06,Lundi,Matin tôt (05h-09h),Déconnecté,1,0.7851,0.0683,0.8534,S20260420_061215
2026-04-20,06:39:09,Lundi,Matin tôt (05h-09h),Déconnecté,1,1.0036,0.0894,1.093,S20260420_061215
2026-04-20,06:40:11,Lundi,Matin tôt (05h-09h),Déconnecté,1,1.3296,0.0909,1.4205,S20260420_061215
2026-04-20,06:41:12,Lundi,Matin tôt (05h-09h),Déconnecté,1,1.4124,0.1001,1.5125,S20260420_061215
2026-04-20,06:42:14,Lundi,Matin tôt (05h-09h),Déconnecté,1,1.6473,0.1268,1.7741,S20260420_061215
2026-04-20,06:43:17,Lundi,Matin tôt (05h-09h),Déconnecté,1,0.0051,0.0212,0.0263,S20260420_061215
2026-04-20,06:44:24,Lundi,Matin tôt (05h-09h),Déconnecté,1,0.2257,0.0422,0.2679,S20260420_061215
2026-04-20,06:45:27,Lundi,Matin tôt (05h-09h),Déconnecté,1,0.0183,0.0111,0.0294,S20260420_061215
2026-04-20,06:46:30,Lundi,Matin tôt (05h-09h),Déconnecté,1,0.449,0.0319,0.4809,S20260420_061215
2026-04-20,06:47:33,Lundi,Matin tôt (05h-09h),Déconnecté,1,0.2142,0.0242,0.2384,S20260420_061215
2026-04-20,06:48:33,Lundi,Matin tôt (05h-09h),Connecté,1,0.0016,0.0023,0.0039,S20260420_061215
2026-04-20,06:49:34,Lundi,Matin tôt (05h-09h),Connecté,1,0.0001,0.0006,0.0007,S20260420_061215
2026-04-20,06:50:35,Lundi,Matin tôt (05h-09h),Connecté,1,0.0019,0.0024,0.0043,S20260420_061215
2026-04-20,06:51:37,Lundi,Matin tôt (05h-09h),Connecté,1,0.0012,0.0018,0.003,S20260420_061215
2026-04-20,06:52:40,Lundi,Matin tôt (05h-09h),Déconnecté,1,0.0066,0.0092,0.0158,S20260420_061215
2026-04-20,06:53:40,Lundi,Matin tôt (05h-09h),Déconnecté,1,0.0009,0.0014,0.0023,S20260420_061215
2026-04-20,06:54:43,Lundi,Matin tôt (05h-09h),Déconnecté,1,0.0006,0.001,0.0016,S20260420_061215
2026-04-20,06:55:46,Lundi,Matin tôt (05h-09h),Connecté,1,0.0005,0.0012,0.0017,S20260420_061215
2026-04-20,06:56:47,Lundi,Matin tôt (05h-09h),Connecté,1,0.0002,0.0008,0.001,S20260420_061215
2026-04-20,06:57:47,Lundi,Matin tôt (05h-09h),Connecté,1,0.0018,0.0074,0.0092,S20260420_061215
2026-04-20,06:58:47,Lundi,Matin tôt (05h-09h),Déconnecté,1,0.0008,0.0059,0.0067,S20260420_061215
2026-04-20,06:59:50,Lundi,Matin tôt (05h-09h),Déconnecté,1,0.0024,0.0053,0.0077,S20260420_061215
2026-04-20,07:00:50,Lundi,Matin tôt (05h-09h),Connecté,1,0.0003,0.0012,0.0015,S20260420_061215
2026-04-20,07:01:51,Lundi,Matin tôt (05h-09h),Connecté,1,0.0012,0.0022,0.0034,S20260420_061215
2026-04-20,07:02:51,Lundi,Matin tôt (05h-09h),Connecté,1,0.0003,0.0015,0.0018,S20260420_061215
2026-04-20,07:03:51,Lundi,Matin tôt (05h-09h),Connecté,1,0.0004,0.0007,0.0011,S20260420_061215
2026-04-20,07:04:52,Lundi,Matin tôt (05h-09h),Connecté,1,0.0002,0.0005,0.0007,S20260420_061215
2026-04-20,07:05:52,Lundi,Matin tôt (05h-09h),Connecté,1,0.0002,0.0004,0.0006,S20260420_061215
2026-04-20,07:06:53,Lundi,Matin tôt (05h-09h),Connecté,1,0.0017,0.0025,0.0042,S20260420_061215
2026-04-20,07:07:56,Lundi,Matin tôt (05h-09h),Déconnecté,1,0.0001,0.0006,0.0007,S20260420_061215
2026-04-20,07:08:59,Lundi,Matin tôt (05h-09h),Déconnecté,1,0.0007,0.0009,0.0016,S20260420_061215
2026-04-20,07:09:59,Lundi,Matin tôt (05h-09h),Connecté,1,0.0009,0.0014,0.0023,S20260420_061215
2026-04-20,07:10:59,Lundi,Matin tôt (05h-09h),Connecté,1,0.0002,0.0004,0.0006,S20260420_061215
2026-04-20,07:11:59,Lundi,Matin tôt (05h-09h),Connecté,1,0.0008,0.0013,0.0021,S20260420_061215
2026-04-20,07:13:00,Lundi,Matin tôt (05h-09h),Connecté,1,0.0002,0.0006,0.0008,S20260420_061215
2026-04-20,07:14:00,Lundi,Matin tôt (05h-09h),Connecté,1,0.0004,0.0005,0.0009,S20260420_061215
2026-04-20,07:15:00,Lundi,Matin tôt (05h-09h),Connecté,1,0.0002,0.0004,0.0006,S20260420_061215
2026-04-20,07:16:01,Lundi,Matin tôt (05h-09h),Connecté,1,0.0011,0.0014,0.0025,S20260420_061215
2026-04-20,07:17:02,Lundi,Matin tôt (05h-09h),Connecté,1,0.0009,0.0027,0.0036,S20260420_061215
2026-04-20,07:18:03,Lundi,Matin tôt (05h-09h),Connecté,1,0.0007,0.0013,0.002,S20260420_061215
2026-04-20,07:19:03,Lundi,Matin tôt (05h-09h),Connecté,1,0.0001,0.0004,0.0005,S20260420_061215
2026-04-20,07:20:03,Lundi,Matin tôt (05h-09h),Connecté,1,0.0004,0.0007,0.0011,S20260420_061215
2026-04-20,07:21:03,Lundi,Matin tôt (05h-09h),Connecté,1,0.0001,0.0004,0.0005,S20260420_061215
2026-04-20,07:22:04,Lundi,Matin tôt (05h-09h),Connecté,1,0.0008,0.0013,0.0021,S20260420_061215
2026-04-20,07:23:04,Lundi,Matin tôt (05h-09h),Connecté,1,0.0003,0.0007,0.001,S20260420_061215
2026-04-20,07:24:04,Lundi,Matin tôt (05h-09h),Connecté,1,0.0004,0.0005,0.0009,S20260420_061215
2026-04-20,07:25:04,Lundi,Matin tôt (05h-09h),Connecté,1,0.0002,0.0004,0.0006,S20260420_061215
2026-04-20,07:26:04,Lundi,Matin tôt (05h-09h),Connecté,1,0.0002,0.0004,0.0006,S20260420_061215
2026-04-20,07:27:05,Lundi,Matin tôt (05h-09h),Connecté,1,0.0009,0.0014,0.0023,S20260420_061215
2026-04-20,07:28:05,Lundi,Matin tôt (05h-09h),Connecté,1,0.0005,0.0006,0.0011,S20260420_061215
2026-04-20,07:29:05,Lundi,Matin tôt (05h-09h),Connecté,1,0.0002,0.0004,0.0006,S20260420_061215
2026-04-20,07:30:05,Lundi,Matin tôt (05h-09h),Connecté,1,0.0002,0.0004,0.0006,S20260420_061215
2026-04-20,07:31:06,Lundi,Matin tôt (05h-09h),Connecté,1,0.0002,0.0004,0.0006,S20260420_061215
2026-04-20,07:32:06,Lundi,Matin tôt (05h-09h),Connecté,1,0.001,0.0017,0.0027,S20260420_061215
2026-04-20,07:33:06,Lundi,Matin tôt (05h-09h),Connecté,1,0.0005,0.0007,0.0012,S20260420_061215
2026-04-20,07:34:07,Lundi,Matin tôt (05h-09h),Connecté,1,0.0001,0.0004,0.0005,S20260420_061215
2026-04-20,07:35:07,Lundi,Matin tôt (05h-09h),Connecté,1,0.0002,0.0005,0.0007,S20260420_061215
2026-04-20,07:36:08,Lundi,Matin tôt (05h-09h),Connecté,1,0.0003,0.0006,0.0009,S20260420_061215
2026-04-20,07:37:08,Lundi,Matin tôt (05h-09h),Connecté,1,0.0008,0.0012,0.002,S20260420_061215
2026-04-20,07:38:08,Lundi,Matin tôt (05h-09h),Connecté,1,0.0005,0.0007,0.0012,S20260420_061215
2026-04-20,07:39:09,Lundi,Matin tôt (05h-09h),Connecté,1,0.0001,0.0004,0.0005,S20260420_061215
2026-04-20,07:40:09,Lundi,Matin tôt (05h-09h),Connecté,1,0.0006,0.0008,0.0014,S20260420_061215
2026-04-20,07:41:09,Lundi,Matin tôt (05h-09h),Connecté,1,0.0002,0.0004,0.0006,S20260420_061215
2026-04-20,07:42:09,Lundi,Matin tôt (05h-09h),Connecté,1,0.0008,0.0013,0.0021,S20260420_061215
2026-04-20,07:43:09,Lundi,Matin tôt (05h-09h),Connecté,1,0.0005,0.0007,0.0012,S20260420_061215
2026-04-20,07:44:10,Lundi,Matin tôt (05h-09h),Connecté,1,0.0002,0.0007,0.0009,S20260420_061215
2026-04-20,07:45:10,Lundi,Matin tôt (05h-09h),Connecté,1,0.0003,0.0007,0.001,S20260420_061215
2026-04-20,07:46:11,Lundi,Matin tôt (05h-09h),Connecté,1,0.0002,0.0004,0.0006,S20260420_061215
2026-04-20,07:47:11,Lundi,Matin tôt (05h-09h),Connecté,1,0.0007,0.0013,0.002,S20260420_061215
2026-04-20,07:48:12,Lundi,Matin tôt (05h-09h),Connecté,1,0.0005,0.0007,0.0012,S20260420_061215
2026-04-20,07:49:12,Lundi,Matin tôt (05h-09h),Connecté,1,0.0001,0.0005,0.0006,S20260420_061215
2026-04-20,07:50:12,Lundi,Matin tôt (05h-09h),Connecté,1,0.0002,0.0004,0.0006,S20260420_061215
2026-04-20,07:51:13,Lundi,Matin tôt (05h-09h),Connecté,1,0.0002,0.0004,0.0006,S20260420_061215
2026-04-20,07:52:13,Lundi,Matin tôt (05h-09h),Connecté,1,0.0009,0.0016,0.0025,S20260420_061215
2026-04-20,07:53:13,Lundi,Matin tôt (05h-09h),Connecté,1,0.0005,0.0007,0.0012,S20260420_061215
2026-04-20,07:54:13,Lundi,Matin tôt (05h-09h),Connecté,1,0.0001,0.0004,0.0005,S20260420_061215
2026-04-20,07:55:14,Lundi,Matin tôt (05h-09h),Connecté,1,0.0002,0.0005,0.0007,S20260420_061215
2026-04-20,07:56:14,Lundi,Matin tôt (05h-09h),Connecté,1,0.0002,0.0004,0.0006,S20260420_061215
2026-04-20,07:57:15,Lundi,Matin tôt (05h-09h),Connecté,1,0.0009,0.0013,0.0022,S20260420_061215
2026-04-20,07:58:18,Lundi,Matin tôt (05h-09h),Déconnecté,1,0.0006,0.0008,0.0014,S20260420_061215
2026-04-20,07:59:20,Lundi,Matin tôt (05h-09h),Connecté,1,0.0007,0.0011,0.0018,S20260420_061215
2026-04-20,08:00:21,Lundi,Matin tôt (05h-09h),Connecté,1,0.0004,0.0009,0.0013,S20260420_061215
2026-04-20,08:01:21,Lundi,Matin tôt (05h-09h),Connecté,1,0.0002,0.0005,0.0007,S20260420_061215
2026-04-20,08:02:22,Lundi,Matin tôt (05h-09h),Connecté,1,0.0011,0.0015,0.0026,S20260420_061215
2026-04-20,08:03:22,Lundi,Matin tôt (05h-09h),Connecté,1,0.0006,0.0008,0.0014,S20260420_061215
2026-04-20,08:04:23,Lundi,Matin tôt (05h-09h),Connecté,1,0.0002,0.0005,0.0007,S20260420_061215
2026-04-20,08:05:24,Lundi,Matin tôt (05h-09h),Connecté,1,0.0003,0.0006,0.0009,S20260420_061215
2026-04-20,08:06:25,Lundi,Matin tôt (05h-09h),Connecté,1,0.0004,0.0008,0.0012,S20260420_061215
2026-04-20,08:07:25,Lundi,Matin tôt (05h-09h),Connecté,1,0.001,0.0012,0.0022,S20260420_061215
2026-04-20,08:08:26,Lundi,Matin tôt (05h-09h),Connecté,1,0.0005,0.0008,0.0013,S20260420_061215
2026-04-20,08:09:26,Lundi,Matin tôt (05h-09h),Connecté,1,0.0001,0.0004,0.0005,S20260420_061215
2026-04-20,08:10:26,Lundi,Matin tôt (05h-09h),Connecté,1,0.0078,0.0011,0.0089,S20260420_061215
2026-04-20,08:11:27,Lundi,Matin tôt (05h-09h),Connecté,1,0.0012,0.0014,0.0026,S20260420_061215
2026-04-20,08:12:27,Lundi,Matin tôt (05h-09h),Connecté,1,0.0018,0.0017,0.0035,S20260420_061215
2026-04-20,08:13:27,Lundi,Matin tôt (05h-09h),Connecté,1,0.0007,0.0011,0.0018,S20260420_061215
2026-04-20,08:14:28,Lundi,Matin tôt (05h-09h),Connecté,1,0.0003,0.0007,0.001,S20260420_061215
2026-04-20,08:15:28,Lundi,Matin tôt (05h-09h),Connecté,1,0.0003,0.0006,0.0009,S20260420_061215
2026-04-20,08:16:29,Lundi,Matin tôt (05h-09h),Connecté,1,0.0007,0.0015,0.0022,S20260420_061215
2026-04-20,08:17:30,Lundi,Matin tôt (05h-09h),Connecté,1,0.0007,0.0009,0.0016,S20260420_061215
2026-04-20,08:18:31,Lundi,Matin tôt (05h-09h),Connecté,1,0.0007,0.0011,0.0018,S20260420_061215
2026-04-20,08:19:32,Lundi,Matin tôt (05h-09h),Connecté,1,0.0005,0.0009,0.0014,S20260420_061215
2026-04-20,08:20:32,Lundi,Matin tôt (05h-09h),Connecté,1,0.0025,0.0006,0.0031,S20260420_061215
2026-04-20,08:21:33,Lundi,Matin tôt (05h-09h),Connecté,1,0.0075,0.0013,0.0088,S20260420_061215
2026-04-20,08:22:34,Lundi,Matin tôt (05h-09h),Connecté,1,0.0005,0.0005,0.001,S20260420_061215
2026-04-20,08:23:34,Lundi,Matin tôt (05h-09h),Connecté,1,0.0007,0.001,0.0017,S20260420_061215
2026-04-20,08:24:35,Lundi,Matin tôt (05h-09h),Connecté,1,0.0002,0.0004,0.0006,S20260420_061215
2026-04-20,08:25:35,Lundi,Matin tôt (05h-09h),Connecté,1,0.0002,0.0005,0.0007,S20260420_061215
2026-04-20,08:26:36,Lundi,Matin tôt (05h-09h),Connecté,1,0.0013,0.002,0.0033,S20260420_061215
2026-04-20,08:27:36,Lundi,Matin tôt (05h-09h),Connecté,1,0.0002,0.0005,0.0007,S20260420_061215
2026-04-20,08:28:37,Lundi,Matin tôt (05h-09h),Connecté,1,0.0027,0.0009,0.0036,S20260420_061215
2026-04-20,08:29:38,Lundi,Matin tôt (05h-09h),Connecté,1,0.0002,0.0005,0.0007,S20260420_061215
2026-04-20,08:30:38,Lundi,Matin tôt (05h-09h),Connecté,1,0.0013,0.0007,0.002,S20260420_061215
2026-04-20,08:31:38,Lundi,Matin tôt (05h-09h),Connecté,1,0.0071,0.0016,0.0087,S20260420_061215
2026-04-20,08:32:39,Lundi,Matin tôt (05h-09h),Connecté,1,0.0102,0.0006,0.0108,S20260420_061215
2026-04-20,08:33:40,Lundi,Matin tôt (05h-09h),Connecté,1,0.0011,0.0007,0.0018,S20260420_061215
2026-04-20,08:34:41,Lundi,Matin tôt (05h-09h),Connecté,1,0.0007,0.0007,0.0014,S20260420_061215
2026-04-20,08:35:42,Lundi,Matin tôt (05h-09h),Connecté,1,0.0002,0.0004,0.0006,S20260420_061215
2026-04-20,08:36:43,Lundi,Matin tôt (05h-09h),Connecté,1,0.0061,0.0015,0.0076,S20260420_061215
2026-04-20,08:37:43,Lundi,Matin tôt (05h-09h),Connecté,1,0.0012,0.0006,0.0018,S20260420_061215
2026-04-20,08:38:43,Lundi,Matin tôt (05h-09h),Connecté,1,0.0016,0.0011,0.0027,S20260420_061215
2026-04-20,08:39:44,Lundi,Matin tôt (05h-09h),Connecté,1,0.0006,0.0009,0.0015,S20260420_061215
2026-04-20,08:40:44,Lundi,Matin tôt (05h-09h),Connecté,1,0.0011,0.0006,0.0017,S20260420_061215
2026-04-20,08:41:45,Lundi,Matin tôt (05h-09h),Connecté,1,0.0009,0.0013,0.0022,S20260420_061215
2026-04-20,08:42:45,Lundi,Matin tôt (05h-09h),Connecté,1,0.0002,0.0005,0.0007,S20260420_061215
2026-04-20,08:43:46,Lundi,Matin tôt (05h-09h),Connecté,1,0.0006,0.0007,0.0013,S20260420_061215
2026-04-20,08:44:47,Lundi,Matin tôt (05h-09h),Connecté,1,0.0002,0.0005,0.0007,S20260420_061215
2026-04-20,08:45:47,Lundi,Matin tôt (05h-09h),Connecté,1,0.0003,0.0006,0.0009,S20260420_061215
2026-04-20,08:46:47,Lundi,Matin tôt (05h-09h),Connecté,1,0.0009,0.0012,0.0021,S20260420_061215
2026-04-20,08:47:48,Lundi,Matin tôt (05h-09h),Connecté,1,0.0002,0.0005,0.0007,S20260420_061215
2026-04-20,08:48:49,Lundi,Matin tôt (05h-09h),Connecté,1,0.0004,0.0005,0.0009,S20260420_061215
2026-04-20,08:49:51,Lundi,Matin tôt (05h-09h),Connecté,1,0.0003,0.0006,0.0009,S20260420_061215
2026-04-20,08:50:51,Lundi,Matin tôt (05h-09h),Connecté,1,0.0002,0.0005,0.0007,S20260420_061215
2026-04-20,08:51:53,Lundi,Matin tôt (05h-09h),Connecté,1,0.0009,0.0012,0.0021,S20260420_061215
2026-04-20,08:52:53,Lundi,Matin tôt (05h-09h),Connecté,1,0.0002,0.0005,0.0007,S20260420_061215
2026-04-20,08:53:54,Lundi,Matin tôt (05h-09h),Connecté,1,0.0007,0.0009,0.0016,S20260420_061215
2026-04-20,08:54:55,Lundi,Matin tôt (05h-09h),Connecté,1,0.0004,0.0006,0.001,S20260420_061215
2026-04-20,08:55:57,Lundi,Matin tôt (05h-09h),Connecté,1,0.0003,0.0006,0.0009,S20260420_061215
2026-04-20,08:56:57,Lundi,Matin tôt (05h-09h),Connecté,1,0.0008,0.0012,0.002,S20260420_061215
2026-04-20,08:57:57,Lundi,Matin tôt (05h-09h),Connecté,1,0.0003,0.0006,0.0009,S20260420_061215
2026-04-20,08:58:57,Lundi,Matin tôt (05h-09h),Connecté,1,0.0004,0.0007,0.0011,S20260420_061215
2026-04-20,08:59:58,Lundi,Matin tôt (05h-09h),Connecté,1,0.0002,0.0004,0.0006,S20260420_061215
2026-04-20,09:00:58,Lundi,Matinée (09h-12h),Connecté,1,0.0002,0.0005,0.0007,S20260420_061215
2026-04-20,09:01:59,Lundi,Matinée (09h-12h),Connecté,1,0.0009,0.0013,0.0022,S20260420_061215
2026-04-20,09:03:00,Lundi,Matinée (09h-12h),Connecté,1,0.0002,0.0004,0.0006,S20260420_061215
2026-04-20,09:04:00,Lundi,Matinée (09h-12h),Connecté,1,0.0005,0.0007,0.0012,S20260420_061215
2026-04-20,09:05:00,Lundi,Matinée (09h-12h),Connecté,1,0.001,0.0004,0.0014,S20260420_061215
2026-04-20,09:06:02,Lundi,Matinée (09h-12h),Connecté,1,0.0026,0.0007,0.0033,S20260420_061215
2026-04-20,09:07:02,Lundi,Matinée (09h-12h),Connecté,1,0.0041,0.0014,0.0055,S20260420_061215
2026-04-20,09:08:03,Lundi,Matinée (09h-12h),Connecté,1,0.0049,0.0005,0.0054,S20260420_061215
2026-04-20,09:09:03,Lundi,Matinée (09h-12h),Connecté,1,0.0008,0.0005,0.0013,S20260420_061215
2026-04-20,09:10:03,Lundi,Matinée (09h-12h),Connecté,1,0.0011,0.0008,0.0019,S20260420_061215
2026-04-20,09:11:04,Lundi,Matinée (09h-12h),Connecté,1,0.0002,0.0005,0.0007,S20260420_061215
2026-04-20,09:12:04,Lundi,Matinée (09h-12h),Connecté,1,0.0007,0.001,0.0017,S20260420_061215
2026-04-20,09:13:04,Lundi,Matinée (09h-12h),Connecté,1,0.0004,0.0005,0.0009,S20260420_061215
2026-04-20,09:14:05,Lundi,Matinée (09h-12h),Connecté,1,0.0002,0.0004,0.0006,S20260420_061215
2026-04-20,09:15:06,Lundi,Matinée (09h-12h),Connecté,1,0.0003,0.0006,0.0009,S20260420_061215
2026-04-20,09:16:06,Lundi,Matinée (09h-12h),Connecté,1,0.0002,0.0004,0.0006,S20260420_061215
2026-04-20,09:17:06,Lundi,Matinée (09h-12h),Connecté,1,0.0008,0.0012,0.002,S20260420_061215
2026-04-20,09:18:07,Lundi,Matinée (09h-12h),Connecté,1,0.0048,0.0011,0.0059,S20260420_061215
2026-04-20,09:19:07,Lundi,Matinée (09h-12h),Connecté,1,0.0008,0.0005,0.0013,S20260420_061215
2026-04-20,09:20:07,Lundi,Matinée (09h-12h),Connecté,1,0.0008,0.0005,0.0013,S20260420_061215
2026-04-20,09:21:07,Lundi,Matinée (09h-12h),Connecté,1,0.0002,0.0004,0.0006,S20260420_061215
2026-04-20,09:22:07,Lundi,Matinée (09h-12h),Connecté,1,0.0007,0.0012,0.0019,S20260420_061215
2026-04-20,09:23:08,Lundi,Matinée (09h-12h),Connecté,1,0.0006,0.0008,0.0014,S20260420_061215
2026-04-20,09:24:08,Lundi,Matinée (09h-12h),Connecté,1,0.7345,0.1724,0.9069,S20260420_061215
2026-04-20,09:25:08,Lundi,Matinée (09h-12h),Connecté,1,6.3783,0.4308,6.8091,S20260420_061215
2026-04-20,09:26:08,Lundi,Matinée (09h-12h),Connecté,1,25.12,0.9009,26.0209,S20260420_061215
2026-04-20,09:27:09,Lundi,Matinée (09h-12h),Connecté,1,1.036,0.0748,1.1108,S20260420_061215
2026-04-20,09:28:09,Lundi,Matinée (09h-12h),Connecté,1,0.0016,0.0013,0.0029,S20260420_061215
2026-04-20,09:29:09,Lundi,Matinée (09h-12h),Connecté,1,0.0001,0.0004,0.0005,S20260420_061215
2026-04-20,09:30:10,Lundi,Matinée (09h-12h),Connecté,1,0.0002,0.0004,0.0006,S20260420_061215
2026-04-20,09:31:10,Lundi,Matinée (09h-12h),Connecté,1,0.0002,0.0004,0.0006,S20260420_061215
2026-04-20,09:32:10,Lundi,Matinée (09h-12h),Connecté,1,0.0008,0.0012,0.002,S20260420_061215
2026-04-20,09:33:11,Lundi,Matinée (09h-12h),Connecté,1,0.0005,0.0008,0.0013,S20260420_061215
2026-04-20,09:34:11,Lundi,Matinée (09h-12h),Connecté,1,0.0003,0.0006,0.0009,S20260420_061215
2026-04-20,09:35:12,Lundi,Matinée (09h-12h),Connecté,1,0.0002,0.0004,0.0006,S20260420_061215
2026-04-20,09:36:12,Lundi,Matinée (09h-12h),Connecté,1,0.002,0.0004,0.0024,S20260420_061215
2026-04-20,09:37:12,Lundi,Matinée (09h-12h),Connecté,1,0.0028,0.0012,0.004,S20260420_061215
2026-04-20,09:38:12,Lundi,Matinée (09h-12h),Connecté,1,0.0011,0.0007,0.0018,S20260420_061215
2026-04-20,09:39:13,Lundi,Matinée (09h-12h),Connecté,1,0.0007,0.0004,0.0011,S20260420_061215
2026-04-20,09:40:13,Lundi,Matinée (09h-12h),Connecté,1,0.0004,0.0011,0.0015,S20260420_061215
2026-04-20,09:41:13,Lundi,Matinée (09h-12h),Connecté,1,0.0005,0.0008,0.0013,S20260420_061215
2026-04-20,09:42:14,Lundi,Matinée (09h-12h),Connecté,1,0.0009,0.0012,0.0021,S20260420_061215
2026-04-20,09:43:14,Lundi,Matinée (09h-12h),Connecté,1,0.0006,0.0008,0.0014,S20260420_061215
2026-04-20,09:44:15,Lundi,Matinée (09h-12h),Connecté,1,0.0002,0.0005,0.0007,S20260420_061215
2026-04-20,09:45:16,Lundi,Matinée (09h-12h),Connecté,1,0.0002,0.0004,0.0006,S20260420_061215
2026-04-20,09:46:16,Lundi,Matinée (09h-12h),Connecté,1,0.0002,0.0005,0.0007,S20260420_061215
2026-04-20,09:47:16,Lundi,Matinée (09h-12h),Connecté,1,0.0023,0.0047,0.007,S20260420_061215
2026-04-20,09:48:17,Lundi,Matinée (09h-12h),Connecté,1,0.0005,0.0009,0.0014,S20260420_061215
2026-04-20,09:49:17,Lundi,Matinée (09h-12h),Connecté,1,0.0001,0.0004,0.0005,S20260420_061215
2026-04-20,09:50:17,Lundi,Matinée (09h-12h),Connecté,1,0.0002,0.0004,0.0006,S20260420_061215
2026-04-20,09:51:17,Lundi,Matinée (09h-12h),Connecté,1,0.0002,0.0005,0.0007,S20260420_061215
2026-04-20,09:52:17,Lundi,Matinée (09h-12h),Connecté,1,0.0008,0.0013,0.0021,S20260420_061215
2026-04-20,09:53:18,Lundi,Matinée (09h-12h),Connecté,1,0.0005,0.0007,0.0012,S20260420_061215
2026-04-20,09:54:18,Lundi,Matinée (09h-12h),Connecté,1,0.0001,0.0004,0.0005,S20260420_061215
2026-04-20,09:55:18,Lundi,Matinée (09h-12h),Connecté,1,0.0002,0.0004,0.0006,S20260420_061215
2026-04-20,09:56:18,Lundi,Matinée (09h-12h),Connecté,1,0.0002,0.0005,0.0007,S20260420_061215
2026-04-20,09:57:19,Lundi,Matinée (09h-12h),Connecté,1,0.0008,0.0013,0.0021,S20260420_061215
2026-04-20,09:58:19,Lundi,Matinée (09h-12h),Connecté,1,0.0006,0.0008,0.0014,S20260420_061215
2026-04-20,09:59:19,Lundi,Matinée (09h-12h),Connecté,1,0.0002,0.0004,0.0006,S20260420_061215
2026-04-20,10:00:19,Lundi,Matinée (09h-12h),Connecté,1,0.0002,0.0005,0.0007,S20260420_061215
2026-04-20,10:01:20,Lundi,Matinée (09h-12h),Connecté,1,0.0002,0.0004,0.0006,S20260420_061215
2026-04-20,10:02:20,Lundi,Matinée (09h-12h),Connecté,1,0.0008,0.0013,0.0021,S20260420_061215
2026-04-20,10:03:20,Lundi,Matinée (09h-12h),Connecté,1,0.0005,0.0006,0.0011,S20260420_061215
2026-04-20,10:04:20,Lundi,Matinée (09h-12h),Connecté,1,0.0001,0.0004,0.0005,S20260420_061215
2026-04-20,10:05:21,Lundi,Matinée (09h-12h),Connecté,1,0.0002,0.0005,0.0007,S20260420_061215
2026-04-20,10:06:21,Lundi,Matinée (09h-12h),Connecté,1,0.0028,0.0004,0.0032,S20260420_061215
2026-04-20,10:07:21,Lundi,Matinée (09h-12h),Connecté,1,0.0025,0.0011,0.0036,S20260420_061215
2026-04-20,10:08:21,Lundi,Matinée (09h-12h),Connecté,1,0.0011,0.0007,0.0018,S20260420_061215
2026-04-20,10:09:23,Lundi,Matinée (09h-12h),Connecté,1,0.0001,0.0004,0.0005,S20260420_061215
2026-04-20,10:10:23,Lundi,Matinée (09h-12h),Connecté,1,0.0002,0.0005,0.0007,S20260420_061215
2026-04-20,10:11:23,Lundi,Matinée (09h-12h),Connecté,1,0.0005,0.0008,0.0013,S20260420_061215
2026-04-20,10:12:23,Lundi,Matinée (09h-12h),Connecté,1,0.0008,0.0012,0.002,S20260420_061215
2026-04-20,10:13:24,Lundi,Matinée (09h-12h),Connecté,1,0.0005,0.0007,0.0012,S20260420_061215
2026-04-20,10:14:24,Lundi,Matinée (09h-12h),Connecté,1,0.0003,0.0008,0.0011,S20260420_061215
2026-04-20,10:15:24,Lundi,Matinée (09h-12h),Connecté,1,0.0002,0.0004,0.0006,S20260420_061215
2026-04-20,10:16:24,Lundi,Matinée (09h-12h),Connecté,1,0.0002,0.0004,0.0006,S20260420_061215
2026-04-20,10:17:25,Lundi,Matinée (09h-12h),Connecté,1,0.0009,0.0013,0.0022,S20260420_061215
2026-04-20,10:18:25,Lundi,Matinée (09h-12h),Connecté,1,0.0007,0.001,0.0017,S20260420_061215
2026-04-20,10:19:25,Lundi,Matinée (09h-12h),Connecté,1,0.0002,0.0005,0.0007,S20260420_061215
2026-04-20,10:20:26,Lundi,Matinée (09h-12h),Connecté,1,0.0002,0.0004,0.0006,S20260420_061215
2026-04-20,10:21:26,Lundi,Matinée (09h-12h),Connecté,1,0.0002,0.0005,0.0007,S20260420_061215
2026-04-20,10:22:26,Lundi,Matinée (09h-12h),Connecté,1,0.0008,0.0012,0.002,S20260420_061215
2026-04-20,10:23:27,Lundi,Matinée (09h-12h),Connecté,1,0.0005,0.0007,0.0012,S20260420_061215
2026-04-20,10:24:28,Lundi,Matinée (09h-12h),Connecté,1,0.0002,0.0005,0.0007,S20260420_061215
2026-04-20,10:25:28,Lundi,Matinée (09h-12h),Connecté,1,0.0002,0.0005,0.0007,S20260420_061215
2026-04-20,10:26:28,Lundi,Matinée (09h-12h),Connecté,1,0.0002,0.0004,0.0006,S20260420_061215
2026-04-20,10:27:28,Lundi,Matinée (09h-12h),Connecté,1,0.0007,0.001,0.0017,S20260420_061215
2026-04-20,10:28:28,Lundi,Matinée (09h-12h),Connecté,1,0.0005,0.0007,0.0012,S20260420_061215
2026-04-20,10:29:29,Lundi,Matinée (09h-12h),Connecté,1,0.0001,0.0004,0.0005,S20260420_061215
2026-04-20,10:30:30,Lundi,Matinée (09h-12h),Connecté,1,0.0002,0.0005,0.0007,S20260420_061215
2026-04-20,10:31:30,Lundi,Matinée (09h-12h),Connecté,1,0.0002,0.0005,0.0007,S20260420_061215
2026-04-20,10:32:31,Lundi,Matinée (09h-12h),Connecté,1,0.0009,0.0012,0.0021,S20260420_061215
2026-04-20,10:33:31,Lundi,Matinée (09h-12h),Connecté,1,0.0005,0.0006,0.0011,S20260420_061215
2026-04-20,10:34:31,Lundi,Matinée (09h-12h),Connecté,1,0.0002,0.0005,0.0007,S20260420_061215
2026-04-20,10:35:31,Lundi,Matinée (09h-12h),Connecté,1,0.0002,0.0004,0.0006,S20260420_061215
2026-04-20,10:36:31,Lundi,Matinée (09h-12h),Connecté,1,0.004,0.0004,0.0044,S20260420_061215
2026-04-20,10:37:32,Lundi,Matinée (09h-12h),Connecté,1,0.0019,0.0011,0.003,S20260420_061215
2026-04-20,10:38:32,Lundi,Matinée (09h-12h),Connecté,1,0.0011,0.0007,0.0018,S20260420_061215
2026-04-20,10:39:32,Lundi,Matinée (09h-12h),Connecté,1,0.0002,0.0005,0.0007,S20260420_061215
2026-04-20,10:40:33,Lundi,Matinée (09h-12h),Connecté,1,0.0006,0.0009,0.0015,S20260420_061215
2026-04-20,10:41:33,Lundi,Matinée (09h-12h),Connecté,1,0.0002,0.0005,0.0007,S20260420_061215
2026-04-20,10:42:33,Lundi,Matinée (09h-12h),Connecté,1,0.0008,0.0012,0.002,S20260420_061215
2026-04-20,10:43:33,Lundi,Matinée (09h-12h),Connecté,1,0.0005,0.0006,0.0011,S20260420_061215
2026-04-20,10:44:34,Lundi,Matinée (09h-12h),Connecté,1,0.0002,0.0004,0.0006,S20260420_061215
2026-04-20,10:45:34,Lundi,Matinée (09h-12h),Connecté,1,0.0002,0.0004,0.0006,S20260420_061215
2026-04-20,10:46:34,Lundi,Matinée (09h-12h),Connecté,1,0.0002,0.0004,0.0006,S20260420_061215
2026-04-20,10:47:34,Lundi,Matinée (09h-12h),Connecté,1,0.0007,0.001,0.0017,S20260420_061215
2026-04-20,10:48:35,Lundi,Matinée (09h-12h),Connecté,1,0.0005,0.0007,0.0012,S20260420_061215
2026-04-20,10:49:35,Lundi,Matinée (09h-12h),Connecté,1,0.0002,0.0005,0.0007,S20260420_061215
2026-04-20,10:50:35,Lundi,Matinée (09h-12h),Connecté,1,0.0002,0.0004,0.0006,S20260420_061215
2026-04-20,10:51:35,Lundi,Matinée (09h-12h),Connecté,1,0.0002,0.0004,0.0006,S20260420_061215
2026-04-20,10:52:35,Lundi,Matinée (09h-12h),Connecté,1,0.0008,0.0011,0.0019,S20260420_061215
2026-04-20,10:53:36,Lundi,Matinée (09h-12h),Connecté,1,0.0005,0.0006,0.0011,S20260420_061215
2026-04-20,10:54:36,Lundi,Matinée (09h-12h),Connecté,1,0.0002,0.0004,0.0006,S20260420_061215
2026-04-20,10:55:36,Lundi,Matinée (09h-12h),Connecté,1,0.0002,0.0005,0.0007,S20260420_061215
2026-04-20,10:56:36,Lundi,Matinée (09h-12h),Connecté,1,0.0002,0.0004,0.0006,S20260420_061215
2026-04-20,10:57:37,Lundi,Matinée (09h-12h),Connecté,1,0.0008,0.0011,0.0019,S20260420_061215
2026-04-20,10:58:38,Lundi,Matinée (09h-12h),Connecté,1,0.0006,0.0009,0.0015,S20260420_061215
2026-04-20,10:59:38,Lundi,Matinée (09h-12h),Connecté,1,0.0002,0.0005,0.0007,S20260420_061215
2026-04-20,11:00:39,Lundi,Matinée (09h-12h),Connecté,1,0.0002,0.0004,0.0006,S20260420_061215
2026-04-20,11:01:39,Lundi,Matinée (09h-12h),Connecté,1,0.0002,0.0004,0.0006,S20260420_061215
2026-04-20,11:02:39,Lundi,Matinée (09h-12h),Connecté,1,0.0008,0.0012,0.002,S20260420_061215
2026-04-20,11:03:39,Lundi,Matinée (09h-12h),Connecté,1,0.0004,0.0005,0.0009,S20260420_061215
2026-04-20,11:04:40,Lundi,Matinée (09h-12h),Connecté,1,0.0002,0.0004,0.0006,S20260420_061215
2026-04-20,11:05:40,Lundi,Matinée (09h-12h),Connecté,1,0.0002,0.0004,0.0006,S20260420_061215
2026-04-20,11:06:40,Lundi,Matinée (09h-12h),Connecté,1,0.0037,0.0004,0.0041,S20260420_061215
2026-04-20,11:07:40,Lundi,Matinée (09h-12h),Connecté,1,0.002,0.0012,0.0032,S20260420_061215
2026-04-20,11:08:41,Lundi,Matinée (09h-12h),Connecté,1,0.0008,0.0008,0.0016,S20260420_061215
2026-04-20,11:09:41,Lundi,Matinée (09h-12h),Connecté,1,0.0002,0.0004,0.0006,S20260420_061215
2026-04-20,11:10:41,Lundi,Matinée (09h-12h),Connecté,1,0.0006,0.0009,0.0015,S20260420_061215
2026-04-20,11:11:41,Lundi,Matinée (09h-12h),Connecté,1,0.0002,0.0004,0.0006,S20260420_061215
2026-04-20,11:12:42,Lundi,Matinée (09h-12h),Connecté,1,0.0007,0.0012,0.0019,S20260420_061215
2026-04-20,11:13:42,Lundi,Matinée (09h-12h),Connecté,1,0.0005,0.0006,0.0011,S20260420_061215
2026-04-20,11:14:43,Lundi,Matinée (09h-12h),Connecté,1,0.0002,0.0004,0.0006,S20260420_061215
2026-04-20,11:15:43,Lundi,Matinée (09h-12h),Connecté,1,0.0058,0.0021,0.0079,S20260420_061215
2026-04-20,11:16:43,Lundi,Matinée (09h-12h),Connecté,1,1.8823,0.0897,1.972,S20260420_061215
2026-04-20,11:17:44,Lundi,Matinée (09h-12h),Connecté,1,0.0007,0.001,0.0017,S20260420_061215
2026-04-20,11:18:44,Lundi,Matinée (09h-12h),Connecté,1,0.0006,0.001,0.0016,S20260420_061215
2026-04-20,11:19:44,Lundi,Matinée (09h-12h),Connecté,1,0.0002,0.0004,0.0006,S20260420_061215
2026-04-20,11:20:44,Lundi,Matinée (09h-12h),Connecté,1,0.0002,0.0004,0.0006,S20260420_061215
2026-04-20,11:21:44,Lundi,Matinée (09h-12h),Connecté,1,0.0002,0.0005,0.0007,S20260420_061215
2026-04-20,11:22:45,Lundi,Matinée (09h-12h),Connecté,1,0.0009,0.0014,0.0023,S20260420_061215
2026-04-20,11:23:46,Lundi,Matinée (09h-12h),Connecté,1,0.0004,0.0005,0.0009,S20260420_061215
2026-04-20,11:24:46,Lundi,Matinée (09h-12h),Connecté,1,0.0002,0.0006,0.0008,S20260420_061215
2026-04-20,11:25:46,Lundi,Matinée (09h-12h),Connecté,1,0.0002,0.0004,0.0006,S20260420_061215
2026-04-20,11:26:47,Lundi,Matinée (09h-12h),Connecté,1,0.0002,0.0004,0.0006,S20260420_061215
2026-04-20,11:27:47,Lundi,Matinée (09h-12h),Connecté,1,0.0008,0.0011,0.0019,S20260420_061215
2026-04-20,11:28:47,Lundi,Matinée (09h-12h),Connecté,1,0.0004,0.0005,0.0009,S20260420_061215
2026-04-20,11:29:48,Lundi,Matinée (09h-12h),Connecté,1,0.0002,0.0005,0.0007,S20260420_061215
2026-04-20,11:30:48,Lundi,Matinée (09h-12h),Connecté,1,0.0003,0.0004,0.0007,S20260420_061215
2026-04-20,11:31:48,Lundi,Matinée (09h-12h),Connecté,1,0.0003,0.0004,0.0007,S20260420_061215
2026-04-20,11:32:48,Lundi,Matinée (09h-12h),Connecté,1,0.0029,0.0012,0.0041,S20260420_061215
2026-04-20,11:33:48,Lundi,Matinée (09h-12h),Connecté,1,0.0005,0.0006,0.0011,S20260420_061215
2026-04-20,11:34:49,Lundi,Matinée (09h-12h),Connecté,1,0.0002,0.0004,0.0006,S20260420_061215
2026-04-20,11:35:49,Lundi,Matinée (09h-12h),Connecté,1,0.0002,0.0004,0.0006,S20260420_061215
2026-04-20,11:36:49,Lundi,Matinée (09h-12h),Connecté,1,0.0002,0.0004,0.0006,S20260420_061215
2026-04-20,11:37:49,Lundi,Matinée (09h-12h),Connecté,1,0.0008,0.0011,0.0019,S20260420_061215
2026-04-20,11:38:50,Lundi,Matinée (09h-12h),Connecté,1,0.0004,0.0007,0.0011,S20260420_061215
2026-04-20,11:39:50,Lundi,Matinée (09h-12h),Connecté,1,0.0002,0.0004,0.0006,S20260420_061215
2026-04-20,13:47:28,Lundi,Midi (12h-14h),Déconnecté,1,0.001,0.0015,0.0025,S20260420_061215
2026-04-20,13:48:28,Lundi,Midi (12h-14h),Connecté,1,0.571,0.0995,0.6705,S20260420_061215
2026-04-20,13:49:29,Lundi,Midi (12h-14h),Connecté,1,0.0004,0.0008,0.0012,S20260420_061215
2026-04-20,13:50:30,Lundi,Midi (12h-14h),Connecté,1,0.0004,0.0009,0.0013,S20260420_061215
2026-04-20,13:51:30,Lundi,Midi (12h-14h),Connecté,1,0.0002,0.0005,0.0007,S20260420_061215
2026-04-20,13:52:30,Lundi,Midi (12h-14h),Connecté,1,0.0004,0.0009,0.0013,S20260420_061215
2026-04-20,13:53:30,Lundi,Midi (12h-14h),Connecté,1,0.0008,0.0013,0.0021,S20260420_061215
2026-04-20,13:54:32,Lundi,Midi (12h-14h),Connecté,1,0.0002,0.0004,0.0006,S20260420_061215
2026-04-20,13:55:32,Lundi,Midi (12h-14h),Connecté,1,0.0002,0.0005,0.0007,S20260420_061215
2026-04-21,19:41:47,Mardi,Soirée (18h-21h),Connecté,1,0.0006,0.0009,0.0015,S20260421_194046
2026-04-21,19:42:48,Mardi,Soirée (18h-21h),Connecté,1,0.0045,0.0009,0.0054,S20260421_194046
2026-04-21,19:43:48,Mardi,Soirée (18h-21h),Connecté,1,0.0018,0.0056,0.0074,S20260421_194046
2026-04-21,19:44:49,Mardi,Soirée (18h-21h),Connecté,1,0.0035,0.0079,0.0114,S20260421_194046
2026-04-21,19:45:50,Mardi,Soirée (18h-21h),Connecté,1,0.0019,0.0202,0.0221,S20260421_194046
